<?xml version="1.0" encoding="utf-8"?>
<install type="component" version="1.5.0">
	<name>Library</name>
	<author>Danny Buytaert</author>
	<creationDate>May 2009</creationDate>
	<copyright></copyright>
	<license>http://www.gnu.org/licenses/gpl-2.0.html GNU/GPL</license>
	<authorEmail></authorEmail>
	<authorUrl></authorUrl>
	<version>1.0.0</version>
	<description>Example Koowa 0.6 extension</description>

	<files folder="components/com_library">
	</files>
	
	<!-- Install Database Section -->
	<install>
		<sql>
			<file charset="utf8" driver="mysql">install/install.mysql.utf.sql</file>
		</sql>
	</install>

	<!-- Uninstall Database Section -->
	<uninstall>
		<sql>
			<file charset="utf8" driver="mysql">install/uninstall.mysql.utf.sql</file>
		</sql>
	</uninstall>

	<!-- ADMIN -->
	<administration>
		<menu img="user">Library</menu>
		<files folder="com_library">
			<file>library.php</file>
			<folder>controllers</folder>
			<folder>install</folder>
			<folder>models</folder>
			<folder>views</folder>
		</files>
	</administration>
</install>