<?xml version="1.0" encoding="utf-8"?>
<extension type="component" version="1.6.0" method="upgrade">
	<name>KLinks</name>
	<author>Israel D. Canasa</author>
	<creationDate>June 2010</creationDate>
	<copyright>Israel D. Canasa
	</copyright>
	<license>MIT License</license>
	<authorEmail>raeldc@wizmediateam.com</authorEmail>
	<authorUrl>http://twitter.com/raeldc</authorUrl>
	<version>0.1</version>
	<description>A Rewrite of com_weblinks using the KoJo Framework</description>

	<files folder="site">
		<filename>index.html</filename>
		<filename>klinks.php</filename>
		<filename>router.php</filename>
		<filename>metadata.xml</filename>
		<folder>classes</folder>
		<folder>views</folder>
	</files>
	<administration>
		<menu img="class:weblinks">KoJo - KLinks</menu>
		
		<files folder="admin">
			<filename>index.html</filename>
			<filename>klinks.php</filename>
			<filename>config.xml</filename>
		</files>
	</administration>
</extension>

